article_id,journal_name
6649,"[VertigO] La revue électronique en sciences de l’environnement"
9540,"[全国大会] 平成 16 年電気学会全国大会論文集"
2312,"13th Danish Conference on Pattern Recognition and Image Analysis"
3795,"13th World Congress in Mechanism and Machine Science"
3251,"14th International Heat Transfer Conference"
4921,"16th World Conference on Earthquake Engineering"
1971,"16th World Conference on Earthquake Engineering, Santiago, Chile"
5913,"17th World Conference on Nondestructive Testing, Shanghai, China, Oct"
6163,"19th Annual Conference of the European Association of Environmental and Resource Economists"
1300,"1st Historical Mortars Conference HMC08-Characterization, Diagnosis, Conservation, Repair and Compatibility, Lisbon, LNEC"
6011,"1st International Workshop on Advanced Interconnect Solutions and Technologies for Emerging Computing Systems (AISTECS)@ HiPEAC"
4841,"1st International Workshop on Structural Health Monitoring for Railway System"
6971,"2005 Salt Lake City Annual Meeting"
1523,"2014 Symposium on Naval Hydrodynamics, Hobart, Tasmania, Australia, Nov"
9731,"20th International Forgemasters Meeting, Graz, Austria"
7599,"29th Conference on Agricultural and Forest Meteorology. Lawrence, USA"
4101,"2D Materials"
7768,"2D Materials"
1545,"2nd Conference on Historic Mortars-HMC 2010 and RILEM TC 203-RHM final workshop"
6128,"2nd International Conference WASTES: Solutions, Treatments and Opportunities. CVR, Braga, Portugal"
7003,"2nd International Symposium on NDT in Aerospace, Bremen, 22nd to 24th November"
1366,"2º Congresso Nacional de Argamassas de Construção, APFAC, Lisbon"
4836,"3rd Magnetic Resonance Sounding International Workshop: a reality in applied hydrogeophysics: MRS2006 Proceedings"
4898,"3rd Magnetic Resonance Sounding International Workshop: a reality in applied hydrogeophysics: MRS2006 Proceedings"
6041,"3rd Magnetic Resonance Sounding International Workshop: a reality in applied hydrogeophysics: MRS2006 Proceedings"
1435,"45th scientific meeting of the Italian Statistical Society. Italian Statistical Society"
3087,"4th World Conference on Structural Control and Monitoring"
1659,"5th ECCOMAS Thematic Conference on Computational Methods in Structural Dynamics and Earthquake Engineering (COMPDYN 2015), Crete Island, Greece"
6225,"5th international packaging congress and exhibition"
3952,"6th World Conference on Experimental Heat Transfer, Fluid Mechanics, and Thermodynamics, Matsushima, Japan, 2005"
4823,"8th IEEE International Conference on BioInformatics and BioEngineering, BIBE 2008"
5001,"8th International INQUA Meeting on Paleoseismology, Active Tectonics and Archeoseismology"
7130,"99th Annual Meeting Cordilleran Section, 2003 Abstracts with Programs"
231,"A Position Paper, Computer Vision and Media Technology Lab, Aalborg University, Aalborg, Denmark"
6047,"A report commissioned by The Co-operative and undertaken by researchers at the Tyndall Centre. University of Manchester"
272,"a Vietnamese Hard News Story’, in Thomson, EA and White, PRR (eds), Communicating Conflict: Multilingual Case Studies of the News Media. London: Continuum"
797,"A. López. Autor Recuperado de http://wdb. ugr. es/~ abigail/wp-content/uploads/Tema1_ Apuntes. pdf"
3326,Aaai
9240,"AAAI-2000 Workshop on Leveraging Probability and Uncertainty in Computation"
5779,Aaai/Iaai
1463,"Abhandlungen aus dem Mathematischen Seminar der Universität Hamburg"
3361,"Abstract and Applied Analysis"
4588,"Abstract and Applied Analysis"
4655,"Abstract and Applied Analysis"
5675,"Abstract and Applied Analysis"
6333,"Abstract and Applied Analysis"
8104,"Abstract and Applied Analysis"
9108,"Abstract Book-ESA2018. XVe European Society for Agronomy Congress (ESA), 27.-31.8. 2019, Geneva, Switzerland"
1764,"Academic Emergency Medicine"
2834,"Academic Emergency Medicine"
3424,"Academic Emergency Medicine"
4084,"Academic Emergency Medicine"
4404,"Academic Emergency Medicine"
4575,"Academic Emergency Medicine"
4940,"Academic Emergency Medicine"
5177,"Academic Emergency Medicine"
5736,"Academic Emergency Medicine"
6180,"Academic Emergency Medicine"
6424,"Academic Emergency Medicine"
7144,"Academic Emergency Medicine"
7274,"Academic Emergency Medicine"
7665,"Academic Emergency Medicine"
8408,"Academic Emergency Medicine"
8597,"Academic Emergency Medicine"
8770,"Academic Emergency Medicine"
9228,"Academic Emergency Medicine"
7204,"Academic futures: Inquiries into higher education and pedagogy"
7261,"Academic futures: Inquiries into higher education and pedagogy"
6716,"Academy of Management Journal"
5320,"Academy of Management Perspectives"
7092,"Academy of Management Proceedings"
8439,"Academy of Management Proceedings"
3567,"Academy of management review"
18,"Accident Analysis & Prevention"
37,"Accident Analysis & Prevention"
61,"Accident Analysis & Prevention"
76,"Accounts of chemical research"
6049,"Accounts of chemical research"
9082,"Accounts of chemical research"
2738,"ACM Computing Surveys (CSUR)"
3459,"ACM Sigplan Notices"
1466,"ACM Transactions on Programming Languages and Systems (TOPLAS)"
212,"Acoustical science and technology"
455,"Acoustical science and technology"
745,"Acoustical science and technology"
3632,"Acoustical science and technology"
9941,"Acoustics Research Letters Online"
2969,"ACR North American Advances"
3357,"ACR North American Advances"
3513,"ACR North American Advances"
3668,"ACR North American Advances"
834,"ACS Applied Energy Materials"
1108,"ACS applied materials & interfaces"
1229,"ACS applied materials & interfaces"
1602,"ACS applied materials & interfaces"
3423,"ACS applied materials & interfaces"
4596,"ACS applied materials & interfaces"
4789,"ACS applied materials & interfaces"
4824,"ACS applied materials & interfaces"
5329,"ACS applied materials & interfaces"
5769,"ACS applied materials & interfaces"
5998,"ACS applied materials & interfaces"
6561,"ACS applied materials & interfaces"
7297,"ACS applied materials & interfaces"
7774,"ACS applied materials & interfaces"
7834,"ACS applied materials & interfaces"
8047,"ACS applied materials & interfaces"
8452,"ACS applied materials & interfaces"
8669,"ACS applied materials & interfaces"
8895,"ACS applied materials & interfaces"
3072,"ACS Applied Nano Materials"
5053,"ACS biomaterials science & engineering"
5132,"ACS biomaterials science & engineering"
1658,"Acs Catalysis"
2511,"Acs Catalysis"
4770,"Acs Catalysis"
5762,"Acs Catalysis"
7846,"Acs Catalysis"
8165,"Acs Catalysis"
8223,"Acs Catalysis"
8943,"Acs Catalysis"
9529,"Acs Catalysis"
1728,"ACS chemical biology"
8036,"ACS chemical biology"
621,"ACS chemical neuroscience"
536,"ACS Energy Letters"
895,"ACS Energy Letters"
3519,"ACS infectious diseases"
8557,"ACS Macro Letters"
4275,"ACS Medicinal Chemistry Letters"
2310,"ACS nano"
2705,"ACS nano"
3347,"ACS nano"
4476,"ACS nano"
5620,"ACS nano"
6489,"ACS nano"
6882,"ACS nano"
7077,"ACS nano"
7167,"ACS nano"
7423,"ACS nano"
8318,"ACS nano"
8360,"ACS nano"
8386,"ACS nano"
8564,"ACS nano"
9873,"ACS nano"
9906,"ACS nano"
10000,"ACS nano"
6470,"ACS Sustainable Chemistry & Engineering"
8190,"ACS synthetic biology"
8851,"ACS synthetic biology"
499,"Acta applicandae mathematicae"
9953,"Acta Bio Medica Atenei Parmensis"
9164,"Acta Biologica Szegediensis"
9399,"Acta biomaterialia"
6772,"Acta Botanica Brasilica"
4578,"Acta Crystallographica Section B: Structural Science"
1852,"Acta Crystallographica Section C: Crystal Structure Communications"
3201,"Acta Crystallographica Section D: Biological Crystallography"
3499,"Acta Crystallographica Section D: Biological Crystallography"
9096,"Acta Crystallographica Section D: Biological Crystallography"
2935,"Acta Crystallographica Section F: Structural Biology and Crystallization Communications"
5015,"Acta dermato-venereologica"
1678,"Acta diabetologica"
8473,"Acta haematologica"
147,"Acta Materialia"
877,"Acta Materialia"
5109,"Acta Mechanica Sinica"
1740,"Acta Médica Colombiana"
1975,"Acta Médica Colombiana"
5433,"Acta Médica Portuguesa"
5686,"Acta Médica Portuguesa"
9570,"ACTA METALLURGICA SINICA-CHINESE EDITION-"
8576,"Acta Mycologica"
9664,"Acta neurochirurgica"
5352,"Acta neurologica scandinavica"
6614,"Acta neurologica scandinavica"
8640,"Acta neurologica scandinavica"
9675,"Acta neurologica scandinavica"
382,"Acta obstetricia et gynecologica Scandinavica"
9249,"Acta ophthalmologica"
5646,"Acta ortopedica brasileira"
6132,"Acta ortopedica brasileira"
8158,"Acta ortopedica brasileira"
4976,"Acta Psychiatrica Scandinavica"
1141,"Acta psychologica"
35,"Acta tropica"
570,"Acta tropica"
2350,"Actas del III Congreso Internacional Latina de Comunicación Social. La Laguna, Tenerife (España): Universidad de La Laguna. CD-Rom"
5323,"ACTAS INAGEQ"
3730,"Actes des 10e Journées de l’hydrodynamique"
2227,"Actes des 9èmes Journées de l’Hydrodynamique"
4548,"ADAPTtoCLIMATE Conference"
891,Addiction
4549,Addiction
5233,Addiction
7854,Addiction
8433,Addiction
6131,"Addiction biology"
1838,"Addictive behaviors"
4607,"Addictive behaviors"
6576,"Administration and Policy in Mental Health and Mental Health Services Research"
2540,"Administrative science quarterly"
3058,"Administrative science quarterly"
4010,"Administrative science quarterly"
4118,"Administrative science quarterly"
4484,"Administrative science quarterly"
4611,"Administrative science quarterly"
6025,"Administrative science quarterly"
1078,"Advanced Electronic Materials"
7,"Advanced Energy Materials"
199,"Advanced Energy Materials"
244,"Advanced Energy Materials"
649,"Advanced Energy Materials"
1252,"Advanced Energy Materials"
2464,"Advanced Energy Materials"
3841,"Advanced Energy Materials"
7229,"Advanced Energy Materials"
8614,"Advanced Energy Materials"
8642,"Advanced Energy Materials"
401,"Advanced Functional Materials"
641,"Advanced Functional Materials"
1799,"Advanced Functional Materials"
1837,"Advanced Functional Materials"
2048,"Advanced Functional Materials"
2250,"Advanced Functional Materials"
2404,"Advanced Functional Materials"
2616,"Advanced Functional Materials"
2985,"Advanced Functional Materials"
5696,"Advanced Functional Materials"
6181,"Advanced Functional Materials"
7406,"Advanced Functional Materials"
7461,"Advanced Functional Materials"
7533,"Advanced Functional Materials"
7867,"Advanced Functional Materials"
7896,"Advanced Functional Materials"
8698,"Advanced Functional Materials"
8822,"Advanced Functional Materials"
8887,"Advanced Functional Materials"
9619,"Advanced Functional Materials"
9713,"Advanced Functional Materials"
333,"Advanced Materials"
1477,"Advanced Materials"
1790,"Advanced Materials"
2211,"Advanced Materials"
2457,"Advanced Materials"
2771,"Advanced Materials"
3173,"Advanced Materials"
3381,"Advanced Materials"
3997,"Advanced Materials"
4143,"Advanced Materials"
4367,"Advanced Materials"
4507,"Advanced Materials"
4629,"Advanced Materials"
5418,"Advanced Materials"
5446,"Advanced Materials"
5814,"Advanced Materials"
7025,"Advanced Materials"
8258,"Advanced Materials"
8587,"Advanced Materials"
8997,"Advanced Materials"
9068,"Advanced Materials"
9087,"Advanced Materials"
9428,"Advanced Materials"
9575,"Advanced Materials"
9860,"Advanced Materials"
4697,"Advanced Materials for Optics and Electronics"
7586,"Advanced Materials Technologies"
9730,"Advanced Optical Materials"
6917,"Advances in Animal Biosciences"
1034,"Advances in Applied Ceramics"
779,"Advances in colloid and interface science"
8658,"Advances in Competitiveness Research"
3059,"Advances in Complex Systems"
3732,"Advances in Consumer Research"
5324,"Advances in Information Sciences and Service Sciences"
355,"Advances in Turbulence XI"
1024,Aerobiologia
2153,Aerobiologia
6868,"African Journal of Agricultural Research"
6435,"Africana studia: revista internacional de estudos africanos"
3645,"Aging (Albany NY)"
2198,"Agricultural and Forest Meteorology"
2246,"Agricultural and Forest Meteorology"
2361,"Agricultural and Forest Meteorology"
2414,"Agricultural and Forest Meteorology"
2472,"Agricultural and Forest Meteorology"
2703,"Agricultural and Forest Meteorology"
2894,"Agricultural and Forest Meteorology"
3187,"Agricultural and Forest Meteorology"
3242,"Agricultural and Forest Meteorology"
3609,"Agricultural and Forest Meteorology"
4186,"Agricultural and Forest Meteorology"
5007,"Agricultural and Forest Meteorology"
5431,"Agricultural and Forest Meteorology"
6075,"Agricultural and Forest Meteorology"
6285,"Agricultural and Forest Meteorology"
4518,"Agricultural ecosystem effects on trace gases and global climate change"
7639,"Agricultural Sci. J"
9030,"Agricultural Sciences in China"
7152,"Agriculture, Forestry and Fisheries"
2098,"Agrobios Newsletter"
929,"Agronomy for sustainable development"
4411,"Agronomy for sustainable development"
7802,"Agronomy for sustainable development"
749,"Agronomy journal"
2528,"Agronomy journal"
3142,"Agronomy journal"
6168,"Agronomy journal"
6244,"Agronomy journal"
7476,"Agronomy journal"
4032,"AGU Fall Meeting Abstracts"
4116,"AGU Fall Meeting Abstracts"
4180,"AGU Fall Meeting Abstracts"
5565,"AGU Fall Meeting Abstracts"
2353,"AIDS and Behavior"
2542,"AIDS research and human retroviruses"
2678,"Ain Shams Engineering Journal"
6946,"AIP Advances"
5740,"AIP Conference Proceedings"
6239,"AIP Conference Proceedings"
7380,"AIP Conference Proceedings"
8573,"AIP Conference Proceedings"
4254,"Air Quality, Atmosphere & Health"
4429,"AJOB empirical bioethics"
6070,"AJR. American journal of roentgenology"
9451,"AJR. American journal of roentgenology"
4565,"Alcoholism: Clinical & Experimental Research"
5077,"Alcoholism: Clinical and Experimental Research"
7210,"Alfred, Ontario, Canada: Ontario Rural Wastewater Centre, Université de Guelph-Campus d’Alfred"
3073,Allergy
5544,Allergy
9445,Allergy
9741,Allergy
3082,"Alternative Law Journal"
3712,"Alternative Law Journal"
3817,"Alternative Law Journal"
4649,"Alzheimer's & Dementia: Translational Research & Clinical Interventions"
2659,"Am J Nurs"
2602,"Am J Nurs Sci"
6845,"Am J Phys Med"
7469,"Am Rev Respir Dis"
7110,"Am. Ceram. Soc. Bull"
8210,"Am. UL Rev."
3290,"AMA Arch. Dermat"
9123,"Ambiente & Água-An Interdisciplinary Journal of Applied Science"
2089,"Ambiente & sociedade"
2483,"Ambiente & sociedade"
2592,"Ambiente & sociedade"
2207,"Ambiente e Sociedade"
28,"American Economic Journal: Economic Policy"
65,"American Economic Review"
878,"American Economic Review"
5321,"American Educational Research Journal"
6636,"American heart journal"
8719,"American heart journal"
1279,"American Journal of Agricultural and Biological Sciences"
4520,"American Journal of Botany"
7249,"American Journal of Botany"
7320,"American Journal of Botany"
7550,"American Journal of Botany"
7824,"American Journal of Botany"
8181,"American Journal of Botany"
8239,"American Journal of Botany"
971,"American Journal of Case Reports"
1014,"American Journal of Case Reports"
1120,"American Journal of Case Reports"
7220,"American journal of epidemiology"
6220,"American Journal of Experimental and Clinical Research"
62,"American Journal of Health-System Pharmacy"
148,"American Journal of Health-System Pharmacy"
251,"American Journal of Health-System Pharmacy"
307,"American Journal of Health-System Pharmacy"
374,"American Journal of Health-System Pharmacy"
625,"American Journal of Health-System Pharmacy"
9535,"American Journal of Health-System Pharmacy"
3966,"American Journal of Heat and Mass Transfer"
8016,"American Journal of Kidney Diseases"
6043,"American Journal of Medical Genetics Part A"
6798,"American Journal of Medical Genetics Part A"
4848,"American Journal of Medical Genetics Part B: Neuropsychiatric Genetics"
9368,"American Journal of Medical Quality"
2023,"American Journal of Nursing"
2216,"American Journal of Nursing Science"
5861,"American journal of perinatology"
2722,"American Journal of Physiology-Cell Physiology"
8578,"American Journal of Physiology-Gastrointestinal and Liver Physiology"
8840,"American Journal of Physiology-Gastrointestinal and Liver Physiology"
7124,"American Journal of Physiology-Heart and Circulatory Physiology"
5923,"American Journal of Physiology-Renal Physiology"
6349,"American Journal of Psychiatry"
9955,"American Journal of Psychiatry"
7641,"American journal of public health"
8723,"American journal of respiratory and critical care medicine"
8125,"American journal of respiratory cell and molecular biology"
9426,"American journal of respiratory cell and molecular biology"
5710,"American journal of roentgenology"
8137,"American journal of roentgenology"
2613,"American journal of sociology"
8738,"American journal of therapeutics"
988,"American Mineralogist"
1294,"American Mineralogist"
6583,"American Mineralogist"
419,"American Psychologist"
7698,"American Society of Agricultural Engineers. Meeting (USA)"
3199,"American sociological review"
2238,"Amerika. Mémoires, identités, territoires"
8572,"AMIA annual symposium proceedings"
9632,"AMIA... Annual Symposium proceedings. AMIA Symposium"
740,"Amino acids"
4530,Anaesthesia
4980,"Anais brasileiros de dermatologia"
5947,"Anales de Pediatría"
8340,"Anales espanoles de pediatria"
9764,"Anales españoles de pediatría: Publicación oficial de la Asociación Española de Pediatría (AEP)"
3911,"Analyses of social issues and public policy"
4169,"Analyses of social issues and public policy"
639,"Analytica Chimica Acta"
3102,"Analytica Chimica Acta"
3431,"Analytical and bioanalytical chemistry"
7825,"Analytical and bioanalytical chemistry"
2546,"Analytical biochemistry"
4566,"Analytical biochemistry"
9650,"Analytical biochemistry"
5283,"Analytical Cellular Pathology"
1572,"Analytical chemistry"
2181,"Analytical chemistry"
2356,"Analytical chemistry"
2441,"Analytical chemistry"
2915,"Analytical chemistry"
4210,"Analytical chemistry"
5614,"Analytical chemistry"
9609,"Analytical chemistry"
4146,"Analytical Letters"
5685,"Anesthesia & Analgesia"
8892,"Anesthesia progress"
9482,"Anesthesia progress"
9282,"Angewandte Chemie"
9695,"Angewandte Chemie"
4244,"Angewandte Chemie International Edition"
4280,"Angewandte Chemie International Edition"
4469,"Angewandte Chemie International Edition"
4950,"Angewandte Chemie International Edition"
4975,"Angewandte Chemie International Edition"
5095,"Angewandte Chemie International Edition"
5221,"Angewandte Chemie International Edition"
5316,"Angewandte Chemie International Edition"
5412,"Angewandte Chemie International Edition"
5830,"Angewandte Chemie International Edition"
6010,"Angewandte Chemie International Edition"
6965,"Angewandte Chemie International Edition"
7308,"Angewandte Chemie International Edition"
7314,"Angewandte Chemie International Edition"
7374,"Angewandte Chemie International Edition"
7460,"Angewandte Chemie International Edition"
7857,"Angewandte Chemie International Edition"
8157,"Angewandte Chemie International Edition"
8274,"Angewandte Chemie International Edition"
8324,"Angewandte Chemie International Edition"
9673,"Angewandte Chemie International Edition"
9735,"Angewandte Chemie International Edition"
5336,"Animal Behaviour"
6292,"Animal Behaviour"
6360,"Animal Behaviour"
6857,"Animal Behaviour"
7306,"Animal Behaviour"
7399,"Animal Behaviour"
7772,"Animal Behaviour"
8261,"Animal Behaviour"
8767,"Animal Behaviour"
8929,"Animal Behaviour"
8017,"Animal cognition"
9047,"Animal cognition"
7432,"Animal feed science and technology"
9183,"Animal feed science and technology"
9737,"Animal feed science and technology"
2157,"Ann Arbor"
3536,"Annales francaises d'anesthesie et de reanimation"
3933,"Annali della Facoltà di Agraria"
754,"Annals of African medicine"
824,"Annals of African medicine"
354,"Annals of Agricultural and Environmental Medicine"
3163,"Annals of applied biology"
9780,"Annals of Behavioral Medicine"
5555,"Annals of biomedical engineering"
9915,"Annals of biomedical engineering"
3345,"Annals of Botany"
2299,"Annals of emergency medicine"
3002,"Annals of emergency medicine"
3138,"Annals of emergency medicine"
3889,"Annals of emergency medicine"
3969,"Annals of emergency medicine"
4897,"Annals of emergency medicine"
6227,"Annals of emergency medicine"
6771,"Annals of emergency medicine"
7616,"Annals of emergency medicine"
8263,"Annals of emergency medicine"
8479,"Annals of emergency medicine"
8644,"Annals of emergency medicine"
8908,"Annals of emergency medicine"
9754,"Annals of emergency medicine"
2765,"Annals of forest science"
3881,"Annals of Geophysics"
3993,"Annals of Geophysics"
4560,"Annals of Geophysics"
7792,"Annals of Global Analysis and Geometry"
7207,"Annals of internal Medicine"
8308,"Annals of Mathematics and Artificial Intelligence"
1345,"Annals of medical and health sciences research"
4766,"Annals of neurology"
1594,"Annals of Neurology: Official Journal of the American Neurological Association and the Child Neurology Society"
2021,"Annals of Neurology: Official Journal of the American Neurological Association and the Child Neurology Society"
4543,"Annals of Neurology: Official Journal of the American Neurological Association and the Child Neurology Society"
5860,"Annals of Neurology: Official Journal of the American Neurological Association and the Child Neurology Society"
6995,"Annals of Neurology: Official Journal of the American Neurological Association and the Child Neurology Society"
9969,"Annals of Neurology: Official Journal of the American Neurological Association and the Child Neurology Society"
7159,"Annals of oncology"
8234,"Annals of oncology"
8454,"Annals of oncology"
8513,"Annals of oncology"
9296,"Annals of oncology"
917,"Annals of palliative medicine"
361,"Annals of the New York Academy of Sciences"
463,"Annals of the New York Academy of Sciences"
1744,"Annals of the New York Academy of Sciences"
1869,"Annals of the New York Academy of Sciences"
3247,"Annals of the New York Academy of Sciences"
2160,"annual conference of The American Group Psychotherapy Association in New York City"
8374,"annual meeting of the Academy of Management. Toronto, Canada"
433,"annual meeting of the American Educational Research Association, Session"
2893,"Anpassung, Auswege und politische Forderungen betroffener Wirtschaftsbranchen. Berlin, Heidelberg, New York"
5795,"ANTEC 2003 Conference Proceedings"
1085,"Anti-cancer drug design"
1450,"Anti-cancer drug design"
3257,"Antimicrobial agents and chemotherapy"
4757,"Antimicrobial agents and chemotherapy"
7030,"Antimicrobial agents and chemotherapy"
9053,Aphasiology
315,"Apl Materials"
7998,"Apl Materials"
474,"Appl. Environ. Microbiol."
661,"Appl. Environ. Microbiol."
719,"Appl. Environ. Microbiol."
805,"Appl. Environ. Microbiol."
1478,"Appl. Environ. Microbiol."
2359,"Appl. Environ. Microbiol."
2435,"Appl. Environ. Microbiol."
3250,"Appl. Environ. Microbiol."
3305,"Appl. Environ. Microbiol."
4006,"Appl. Environ. Microbiol."
4687,"Appl. Environ. Microbiol."
6961,"Appl. Environ. Microbiol."
7259,"Appl. Environ. Microbiol."
7338,"Appl. Environ. Microbiol."
7495,"Appl. Environ. Microbiol."
7527,"Appl. Environ. Microbiol."
7636,"Appl. Environ. Microbiol."
7763,"Appl. Environ. Microbiol."
7982,"Appl. Environ. Microbiol."
8464,"Appl. Environ. Microbiol."
8480,"Appl. Environ. Microbiol."
8559,"Appl. Environ. Microbiol."
8592,"Appl. Environ. Microbiol."
8781,"Appl. Environ. Microbiol."
9129,"Appl. Environ. Microbiol."
9313,"Appl. Environ. Microbiol."
9767,"Appl. Environ. Microbiol."
41,"Applied Acoustics"
127,"Applied Acoustics"
667,"Applied Acoustics"
1043,"Applied Acoustics"
1172,"Applied Acoustics"
1333,"Applied Acoustics"
1632,"Applied Acoustics"
1747,"Applied Acoustics"
2120,"Applied Acoustics"
3391,"Applied biochemistry and biotechnology"
1933,"Applied Catalysis A: General"
3354,"Applied Catalysis A: General"
671,"Applied Catalysis B: Environmental"
1028,"Applied Catalysis B: Environmental"
1350,"Applied Catalysis B: Environmental"
2249,"Applied Catalysis B: Environmental"
2576,"Applied Catalysis B: Environmental"
2627,"Applied Catalysis B: Environmental"
3177,"Applied Catalysis B: Environmental"
4301,"Applied Catalysis B: Environmental"
4637,"Applied Catalysis B: Environmental"
4768,"Applied Catalysis B: Environmental"
4889,"Applied Catalysis B: Environmental"
4945,"Applied Catalysis B: Environmental"
5382,"Applied Catalysis B: Environmental"
6243,"Applied Catalysis B: Environmental"
6700,"Applied Catalysis B: Environmental"
6747,"Applied Catalysis B: Environmental"
8682,"Applied Catalysis B: Environmental"
9135,"Applied Catalysis B: Environmental"
9203,"Applied Catalysis B: Environmental"
9271,"Applied Catalysis B: Environmental"
1879,"Applied Clay Science"
3295,"Applied Clay Science"
6202,"Applied Energy"
2840,"Applied Materials Today"
1004,"Applied mathematical modelling"
1129,"Applied mathematical modelling"
3366,"Applied mathematical modelling"
3769,"Applied mathematical modelling"
3934,"Applied mathematical modelling"
5416,"Applied mathematical modelling"
6136,"Applied mathematical modelling"
9221,"Applied mathematical modelling"
273,"Applied Mathematics and Computation"
2091,"Applied Mathematics and Computation"
2335,"Applied Mathematics and Computation"
2443,"Applied Mathematics and Computation"
2654,"Applied Mathematics and Computation"
3828,"Applied Mathematics and Computation"
4263,"Applied Mathematics and Computation"
4438,"Applied Mathematics and Computation"
7212,"Applied Mathematics and Computation"
3589,"Applied Mathematics and Nonlinear Sciences"
3639,"Applied Mathematics and Nonlinear Sciences"
2518,"Applied Mathematics Letters"
2942,"Applied Mathematics Letters"
4310,"Applied Mathematics Letters"
5618,"Applied Mathematics Letters"
1335,"Applied microbiology and biotechnology"
3284,"Applied microbiology and biotechnology"
6573,"Applied microbiology and biotechnology"
6899,"Applied microbiology and biotechnology"
8787,"Applied microbiology and biotechnology"
9899,"Applied microbiology and biotechnology"
9994,"Applied microbiology and biotechnology"
3170,"Applied Numerical Mathematics"
771,"Applied Nursing Research"
3548,"Applied ocean research"
5047,"Applied ocean research"
5715,"Applied optics"
5999,"Applied optics"
6301,"Applied optics"
7224,"Applied optics"
8845,"Applied optics"
9469,"Applied optics"
5564,"Applied organometallic chemistry"
940,"Applied Physics A"
4829,"Applied Physics A"
5439,"Applied Physics A"
6682,"Applied Physics A"
8684,"Applied Physics B: Lasers and Optics"
8756,"Applied Physics B: Lasers and Optics"
466,"Applied Physics Letters"
556,"Applied Physics Letters"
586,"Applied Physics Letters"
722,"Applied Physics Letters"
846,"Applied Physics Letters"
1312,"Applied Physics Letters"
1440,"Applied Physics Letters"
1487,"Applied Physics Letters"
2125,"Applied Physics Letters"
2126,"Applied Physics Letters"
2164,"Applied Physics Letters"
2392,"Applied Physics Letters"
2446,"Applied Physics Letters"
2884,"Applied Physics Letters"
3378,"Applied Physics Letters"
3840,"Applied Physics Letters"
4031,"Applied Physics Letters"
4366,"Applied Physics Letters"
4375,"Applied Physics Letters"
4480,"Applied Physics Letters"
4542,"Applied Physics Letters"
5494,"Applied Physics Letters"
5669,"Applied Physics Letters"
5781,"Applied Physics Letters"
5956,"Applied Physics Letters"
6451,"Applied Physics Letters"
6666,"Applied Physics Letters"
6856,"Applied Physics Letters"
8070,"Applied Physics Letters"
8113,"Applied Physics Letters"
8222,"Applied Physics Letters"
8323,"Applied Physics Letters"
8562,"Applied Physics Letters"
8914,"Applied Physics Letters"
8937,"Applied Physics Letters"
8971,"Applied Physics Letters"
9252,"Applied Physics Letters"
9316,"Applied Physics Letters"
9321,"Applied Physics Letters"
9480,"Applied Physics Letters"
9591,"Applied Physics Letters"
9809,"Applied Physics Letters"
2816,"Applied Soft Computing"
3809,"Applied Soft Computing"
5237,"Applied Soft Computing"
5590,"Applied Soft Computing"
5550,"Applied Soil Ecology"
9432,"Applied Soil Ecology"
8702,"Applied spectroscopy"
9870,"Applied spectroscopy"
2880,"Applied Stochastic Models in Business and Industry"
266,"Applied surface science"
402,"Applied surface science"
456,"Applied surface science"
575,"Applied surface science"
1518,"Applied surface science"
1577,"Applied surface science"
3545,"Applied surface science"
3953,"Applied surface science"
7383,"Applied surface science"
7866,"Applied surface science"
8601,"Applied surface science"
8747,"Applied surface science"
5162,"Applied Vegetation Science"
2978,"APSA 2012 Annual Meeting Paper"
9457,"Aquac. Nutr"
6493,"Aquacult. Fish. Manage."
5065,Aquaculture
5123,Aquaculture
5240,Aquaculture
5396,Aquaculture
5663,Aquaculture
5810,Aquaculture
5813,Aquaculture
6061,Aquaculture
6914,Aquaculture
8088,Aquaculture
9002,"Aquaculture international"
5473,"Aquaculture Nutrition"
5521,"Aquaculture Nutrition"
5942,"Aquaculture Nutrition"
6977,"Aquaculture Nutrition"
9317,"Aquaculture Nutrition"
5184,"Aquaculture research"
5303,"Aquaculture research"
5872,"Aquaculture research"
6176,"Aquaculture research"
6628,"Aquaculture research"
6753,"Aquaculture research"
7044,"Aquaculture research"
7129,"Aquaculture research"
8031,"Aquaculture research"
8176,"Aquaculture research"
8411,"Aquaculture research"
9896,"Aquaculture research"
2063,"Aquatic Biology"
2346,"Aquatic Biology"
4296,"Aquatic Conservation: Marine and Freshwater Ecosystems"
1701,"Aquatic Ecosystem Health & Management"
9283,"Arabian Journal for Science and Engineering"
8185,"Arch Bronconeumol"
8244,"Arch Bronconeumol"
9878,"Arch Bronconeumol"
9985,"Arch Bronconeumol"
1349,Archipel
1618,"Archiv der Pharmazie"
888,"Archiv der Pharmazie: An International Journal Pharmaceutical and Medicinal Chemistry"
4191,"Archiv für Hydrobiologie"
1220,"Archives of biochemistry and biophysics"
6962,"Archives of biochemistry and biophysics"
7140,"Archives of biochemistry and biophysics"
7615,"Archives of biochemistry and biophysics"
7841,"Archives of biochemistry and biophysics"
8441,"Archives of biological sciences"
7978,"Archives of Clinical Psychiatry"
8650,"Archives of Disease in Childhood-Fetal and Neonatal Edition"
9622,"Archives of gerontology and geriatrics"
2236,"Archives of Hygiene Sciences"
2410,"Archives of Hygiene Sciences Volume"
1315,"Archives of internal medicine"
2340,"Archives of Metallurgy and Materials"
2751,"Archives of Microbiology"
4121,"Archives of Microbiology"
4264,"Archives of Microbiology"
9253,"Archives of Microbiology"
4401,"Archives of neurology"
6190,"Archives of neurology"
7883,"Archives of neurology"
8040,"Archives of neurology"
3429,"Archives of ophthalmology"
4537,"Archives of oral biology"
6419,"Archives of oral biology"
5719,"Archives of orthopaedic and trauma surgery"
6142,"Archives of pathology & laboratory medicine"
9834,"Archives of pharmacal research"
34,"Archives of physical medicine and rehabilitation"
276,"Archives of physical medicine and rehabilitation"
475,"Archives of virology"
6757,"Archives of virology"
3706,"Archives of women's mental health"
9237,"Archivos de bronconeumologia"
9300,"Archivos de bronconeumologia"
9504,"Archivos de bronconeumologia"
9614,"Archivos de Bronconeumología ((English Edition))"
9128,"Archivos de Bronconeumología (English Edition)"
9641,"Archivos de zootecnia"
7458,"Arq. bras. endocrinol. metab"
7653,"Arquivos brasileiros de cardiologia"
7697,"Arquivos brasileiros de cardiologia"
7743,"Arquivos Brasileiros de Endocrinologia & Metabologia"
4460,"Arquivos de neuro-psiquiatria"
1284,"Arteriosclerosis, thrombosis, and vascular biology"
3160,"Arteriosclerosis, thrombosis, and vascular biology"
3442,"Arteriosclerosis, thrombosis, and vascular biology"
3791,"Arteriosclerosis, thrombosis, and vascular biology"
4046,"Arthritis & Rheumatism"
6443,"Arthritis & Rheumatism: Official Journal of the American College of Rheumatology"
4893,"Arthropod-Plant Interactions"
3402,"Artificial Intelligence"
5227,"Artificial Intelligence"
6119,"Artificial Intelligence"
8730,"Artificial Intelligence"
9705,"Artificial Intelligence"
8208,"Artificial Intelligence Review"
6538,"Artificial organs"
4659,"arXiv preprint arXiv:0802.0527"
102,"arXiv preprint arXiv:0911.0114"
8978,"arXiv preprint arXiv:1003.2005"
1025,"arXiv preprint arXiv:1110.3435"
1888,"arXiv preprint arXiv:1204.5274"
1823,"arXiv preprint arXiv:1204.5276"
3887,"arXiv preprint arXiv:1206.6501"
4369,"arXiv preprint arXiv:1208.2671"
2412,"arXiv preprint arXiv:1305.1466"
1596,"arXiv preprint arXiv:1306.6327"
9261,"arXiv preprint arXiv:1307.5437"
9423,"arXiv preprint arXiv:1310.1947"
6001,"arXiv preprint arXiv:1401.2046"
6409,"arXiv preprint arXiv:1407.4864"
2273,"arXiv preprint arXiv:1407.7321"
8054,"arXiv preprint arXiv:1411.2173"
3760,"arXiv preprint arXiv:1503.07589"
6300,"arXiv preprint arXiv:1507.00966"
9707,"arXiv preprint arXiv:1507.02022"
5787,"arXiv preprint arXiv:1508.02608"
1180,"arXiv preprint arXiv:1509.00803"
3644,"arXiv preprint arXiv:1602.02077"
9455,"arXiv preprint arXiv:1603.07318"
5746,"arXiv preprint arXiv:1604.01706"
4487,"arXiv preprint arXiv:1607.03663"
4361,"arXiv preprint arXiv:1709.09250"
2864,"arXiv preprint arXiv:1710.10294"
6431,"arXiv preprint arXiv:1804.00065"
6375,"arXiv preprint arXiv:1807.11906"
7239,"arXiv preprint arXiv:1901.03906"
6528,"arXiv preprint arXiv:1902.08564"
7911,"arXiv preprint astro-ph/9509137"
6609,"arXiv preprint astro-ph/9511019"
71,"arXiv preprint cs/0204004"
96,"arXiv preprint cs/0204005"
46,"arXiv preprint cs/0204006"
2530,"arXiv preprint math/0012262"
2208,"Asaio Journal"
2436,"Asialink Essays"
54,"Asian J Anim Vet Adv"
7108,"Asian Journal of Atmospheric Environment"
7969,"Asian Journal of Control"
5021,"Asian Journal of Food and Agro-Industry"
5840,"Asian Journal of Food and Agro-Industry"
6705,"Asian Journal of Food and Agro-Industry"
5630,"Asian Journal of Mathematics"
1089,"Asian Journal of Organic Chemistry"
341,"Asian Security"
1398,"Asian Studies Review"
4279,"Asian Survey"
89,"Asian-australasian journal of animal sciences"
359,"Asian-australasian journal of animal sciences"
572,"Asian-australasian journal of animal sciences"
9990,"ASM International, ASM Handbook,"
2938,"Asm News"
9825,"Asm News"
3647,"ASME Conference Proceedings"
1143,"ASME Paper No. PVP2010-25270"
1666,ASME-PUBLICATIONS-FED
8053,"Astronomy & astrophysics"
3230,"Astroparticle physics"
8346,"Astroparticle physics"
8230,"Astrophysical Letters"
6526,"Asymptotic Analysis"
3927,Atmósfera
3658,"Atmospheric Environment"
3977,"Atmospheric Environment"
4812,"Atmospheric Environment"
2587,"Atmospheric Measurement Techniques"
7151,"Atmospheric Measurement Techniques"
4662,"Australian and New Zealand Sports Law Journal"
4058,"Australian journal of Education"
6020,"Australian Journal of Experimental Agriculture"
8503,"Australian Journal of Intelligent Information Processing Systems"
885,"Australian Journal of International Affairs"
2487,"Australian Journal of International Affairs"
3015,"Australian Journal of International Affairs"
3614,"Australian Journal of International Affairs"
8267,"Australian Journal of Plant Physiology"
4499,"Australian-Asian Perception Project Working Paper"
6923,"Auswirkungen der Liberalisierung im Agrar"
796,Autism
1356,Autism
5197,Autism
4638,"Autism Research"
169,"Automated Technology for Verification and Analysis"
8132,"Automation in Construction"
330,"Autonomic and Autacoid Pharmacology"
9290,Autophagy
5002,"Available at SSRN 1130150"
6045,"Available at SSRN 2185965"
9401,"Avances en Nutrición Acuícola VI. Memorias del VI Simposium Internacional de Nutrición Acuícola"
9960,"Avances en Nutrición Acuícola. VIII. Simposium Internacional de Nutrición Acuícola. Universidad Autónoma de Nuevo León, Monterrey, Nuevo León, México"
6870,"Aves de los medios urbano y agrícola"
9008,"Babson-Kaufman Entrepreneurship Research Conference. Wellesley, MA: Babson College"
9238,"Basic & Clinical Pharmacology & Toxicology"
9314,"Basic & Clinical Pharmacology & Toxicology"
1436,"BE Abstracts"
4905,"Behavior genetics"
5096,"Behavior genetics"
5161,"Behavior genetics"
5315,"Behavior genetics"
5641,"Behavior genetics"
84,"Behavior Therapy"
5242,"Behavioral Ecology"
6206,"Behavioral Ecology"
6507,"Behavioral Ecology"
9986,"Behavioral Ecology"
7633,"Behavioral Ecology and Sociobiology"
8084,"Behavioral Ecology and Sociobiology"
8321,"Behavioral Ecology and Sociobiology"
8443,"Behavioral Ecology and Sociobiology"
4813,"Behavioral neuroscience"
5748,"Behavioral neuroscience"
6806,"Behavioral neuroscience"
8813,"Behavioral neuroscience"
9511,Behaviour
628,"Behavioural brain research"
698,"Behavioural brain research"
959,"Behavioural brain research"
343,"Behavioural processes"
7076,"Beilstein journal of nanotechnology"
3801,"Beilstein journal of organic chemistry"
5542,"Beilstein journal of organic chemistry"
4013,"Belgian Journal of Zoology"
1860,"Big city politics in transition"
1988,"Big city politics, governance and fiscal constraints"
325,"Bilge International Journal of Science and Technology Research"
4174,Bioanalysis
4496,Bioanalysis
6935,Bioanalysis
6427,Biocell
5909,"Biochem Biophys Res Commun"
1787,"Biochemical and biophysical research communications"
2035,"Biochemical and biophysical research communications"
2169,"Biochemical and biophysical research communications"
2212,"Biochemical and biophysical research communications"
2477,"Biochemical and biophysical research communications"
2682,"Biochemical and biophysical research communications"
2803,"Biochemical and biophysical research communications"
3026,"Biochemical and biophysical research communications"
3328,"Biochemical and biophysical research communications"
3342,"Biochemical and biophysical research communications"
3356,"Biochemical and biophysical research communications"
3792,"Biochemical and biophysical research communications"
4123,"Biochemical and biophysical research communications"
4306,"Biochemical and biophysical research communications"
5211,"Biochemical and biophysical research communications"
5411,"Biochemical and biophysical research communications"
5744,"Biochemical and biophysical research communications"
6197,"Biochemical and biophysical research communications"
7206,"Biochemical and biophysical research communications"
8633,"Biochemical and biophysical research communications"
9689,"Biochemical and biophysical research communications"
2123,"Biochemical Engineering Journal"
8514,"Biochemical Engineering Journal"
1786,"Biochemical Journal"
1920,"Biochemical Journal"
2381,"Biochemical Journal"
2393,"Biochemical Journal"
2449,"Biochemical Journal"
3560,"Biochemical Journal"
7471,"Biochemical Journal"
8169,"Biochemical Journal"
9341,"Biochemical Journal"
504,"Biochemical pharmacology"
5498,"Biochemical pharmacology"
7049,"Biochemical pharmacology"
9484,"Biochemical pharmacology"
3161,"Biochemical Systematics and Ecology"
1791,Biochemistry
1959,Biochemistry
2002,Biochemistry
2081,Biochemistry
2740,Biochemistry
3054,Biochemistry
8985,Biochemistry
9152,"Biochemistry international"
8871,"Biochimica et Biophysica Acta"
1745,"Biochimica et Biophysica Acta (BBA)-Bioenergetics"
9536,"Biochimica et Biophysica Acta (BBA)-Bioenergetics"
5144,"Biochimica et Biophysica Acta (BBA)-General Subjects"
5333,"Biochimica et Biophysica Acta (BBA)-General Subjects"
5528,"Biochimica et Biophysica Acta (BBA)-General Subjects"
6524,"Biochimica et Biophysica Acta (BBA)-General Subjects"
8057,"Biochimica et Biophysica Acta (BBA)-General Subjects"
